mfcc_1,mfcc_2,mfcc_3,mfcc_4,mfcc_5,mfcc_6,mfcc_7,mfcc_8,mfcc_9,mfcc_10,mfcc_11,mfcc_12,mfcc_13,zcr,rmse,label
-412.7608,99.81259,14.610986,31.814077,14.439084,24.932655,4.0593915,-4.948342,-9.539561,-8.285024,-12.528656,-1.1965305,-5.1644564,0.11716257613109049,0.02174482,british
-471.58932,59.83656,-10.440262,3.5232322,-14.2200985,-15.894056,-15.028488,0.24183431,-10.504794,-4.8103733,-9.681087,-6.641089,-16.130213,0.1877107199825986,0.028781623,british
-359.6818,46.926624,-44.092907,-15.631867,-24.656065,-25.73722,-15.827817,-0.9066304,-5.250257,-7.6721287,-15.714323,-6.6325836,-14.136691,0.15074182497099767,0.054882206,british
-517.86346,31.782482,-11.154741,1.9903114,-3.446305,-13.943334,-12.139095,-1.8061267,-1.2381773,1.8090049,-8.353318,-5.696444,-9.875265,0.29483350855568446,0.020099405,british
-477.75803,46.546856,-19.729261,12.726026,-1.7225367,-21.392529,-16.584156,-0.44638124,-4.3035855,-6.880082,-10.981329,-5.202459,-12.969812,0.19662213602088166,0.029564586,british
-360.23788,98.91131,11.394769,32.963486,16.306986,19.249075,4.8448944,-5.8173103,-9.285936,-8.446302,-11.608008,-5.6822157,-9.958534,0.11356220997679814,0.06271119,british
-482.05692,57.01415,-4.906037,0.24058615,-12.312191,-15.958019,-13.906473,1.1079605,-2.845224,-6.8254013,-12.300811,-5.769474,-13.3244705,0.22522794011020883,0.025068674,british
-361.23578,81.80874,-11.549556,9.0025215,3.3524904,-18.02186,-26.16494,-6.7597175,-22.724873,-8.639733,-5.7616014,-5.419102,-21.959137,0.11098145664153132,0.04428628,indian
-353.65567,109.143005,0.8528328,6.2085505,-10.016086,-10.971287,-12.476558,-15.298011,-15.347836,-10.583494,-9.729369,-8.398463,-11.064947,0.09860109121229699,0.096431375,indian
-350.90073,101.00939,6.61714,33.873234,15.814786,17.859331,4.3462634,-5.1732254,-6.3541446,-12.050095,-10.873928,-4.6254663,-7.752595,0.11812327798723898,0.06416009,british
-443.66183,57.89094,16.309668,38.356163,13.901616,22.224585,5.879626,-1.6478407,-3.020151,-2.0591922,-13.195825,-4.0768056,-6.173358,0.14477142546403712,0.0457766,british
-226.42392,95.66538,-17.690178,16.519629,9.473469,-5.3148108,-25.976078,-9.67323,-15.516992,-7.543875,-12.427036,-6.4294696,-12.343872,0.12255972665313225,0.110770784,indian
-384.4685,101.42929,1.5002843,10.160553,-2.8248804,-12.250242,-11.016549,-14.689431,-18.060438,-13.444326,-11.76296,-9.735816,-11.765328,0.09948928726798144,0.090544395,indian
-296.24448,111.02955,10.514485,26.270664,20.216331,-5.935843,-27.090994,-9.128458,-17.640848,-13.591536,-9.808616,-9.053136,-15.280509,0.09067076928654293,0.11269914,indian
-375.3322,107.885185,8.737129,0.6411674,-11.717881,-10.47419,-8.03041,-13.187605,-19.294258,-11.600482,-10.192712,-6.0908513,-8.961769,0.0922092517401392,0.09205542,indian
-366.0185,98.530174,3.4759457,9.697275,-2.0516982,-12.727016,-10.618465,-15.527827,-18.662493,-13.940864,-13.466518,-6.4577346,-11.916671,0.08544128842807425,0.10191963,indian
-313.59528,107.20925,8.796255,29.91804,24.027355,-10.135862,-24.176239,-5.482871,-13.659356,-12.869319,-9.910036,-9.286132,-17.665894,0.0835991879350348,0.099644884,indian
-394.1624,44.274807,-37.75725,-12.205789,-10.370959,-18.618093,-14.128259,-7.3136687,-8.198244,-3.9963837,-17.659618,-8.607421,-11.2280445,0.21882477160672853,0.03936197,british
-302.88153,119.94659,-51.63544,-9.494886,-21.5787,-23.10369,-37.08503,-24.024105,-14.788763,-5.794283,-1.4939288,-6.539416,-6.2986326,0.07805022839327146,0.09228703,american
-501.204,46.691475,6.6467495,4.8297668,-9.221274,-14.086648,-19.338049,-4.2484884,-6.046124,-0.81093746,-6.1501822,-4.814766,-10.13362,0.2351838928364269,0.025250087,british
-412.4035,53.200813,-42.164852,-4.0021977,-15.380106,-26.48757,-20.504976,-4.1431546,-4.3704157,-5.961087,-10.479048,-0.5363296,-13.901652,0.14857118256960558,0.03670672,british
-397.83926,99.69865,3.3229373,3.9485447,-14.351989,-17.59689,-16.930708,-6.894214,-15.652535,-7.7701497,-9.743175,-1.7415831,-7.6997194,0.11333109773781902,0.058544513,american
-402.38052,85.38031,18.497639,34.98969,9.009839,25.64696,2.5682156,-4.423034,-5.5964737,-7.4450927,-16.568445,-6.292191,-10.712986,0.1187418430974478,0.048551656,british
-497.63843,56.197876,-16.549463,1.4389142,-5.5609694,-13.524013,-10.828021,1.3917493,-0.8715152,-2.0614069,-8.448856,-8.318163,-12.694236,0.20433040893271462,0.021444231,british
-407.50702,58.73587,10.00455,27.916315,-13.277961,-7.187886,-13.510217,-10.862145,-10.294116,-17.918627,-9.348404,-5.453797,-24.707949,0.1402466103538283,0.04683407,indian
-304.93112,120.006386,-50.914227,-9.182549,-21.59578,-22.83448,-36.755486,-23.906382,-14.788,-5.796797,-1.496731,-6.486115,-6.366798,0.07875262833526682,0.09068373,american
-384.9664,56.033478,4.3853326,23.486427,-13.163012,-12.933886,-16.126394,-11.9844675,-10.621851,-14.602304,-13.95327,-6.472038,-22.95333,0.13605260295823665,0.047861,indian
-492.25797,38.78024,-4.254281,-3.175841,-6.79666,-17.58976,-19.416306,-5.88917,-9.633347,-2.3528416,-11.555965,-3.184967,-14.185013,0.2574545026102088,0.027501246,british
-303.43762,120.20364,-51.386528,-9.538514,-21.461939,-23.037281,-36.951923,-24.011356,-14.823539,-5.796953,-1.3874028,-6.5176716,-6.3756876,0.07800717807424594,0.09192705,american
-412.7608,99.81259,14.610986,31.814077,14.439084,24.932655,4.0593915,-4.948342,-9.539561,-8.285024,-12.528656,-1.1965305,-5.1644564,0.11716257613109049,0.02174482,british
-402.49524,111.62341,14.417402,33.38793,18.133059,25.61397,5.1579323,-3.6451035,-8.47178,-10.099881,-12.368032,-2.228389,-4.714524,0.10071962006960557,0.03364955,british
-488.7723,40.3042,-1.3396138,-1.8792795,-7.479737,-13.685613,-18.566963,0.4820444,-8.153686,-1.8125173,-6.143693,-4.8930526,-8.808291,0.24152135295823665,0.025965843,british
-481.49774,63.458927,-7.969595,-13.307778,-12.556799,-15.248732,-16.217165,-9.162682,-12.138146,-3.0844073,-15.203979,-8.4908695,-10.437633,0.20236595490139211,0.0303646,british
-412.7608,99.81259,14.610986,31.814077,14.439084,24.932655,4.0593915,-4.948342,-9.539561,-8.285024,-12.528656,-1.1965305,-5.1644564,0.11716257613109049,0.02174482,british
-306.52814,107.65778,-31.632904,-7.5927453,-29.810919,-18.479374,-27.88723,-9.074428,-17.067472,-6.1818104,-5.7773356,-4.762386,-2.7940385,0.09464725928074245,0.10420753,american
-360.7781,57.8514,0.784762,6.58372,-19.958422,-10.884519,-17.297552,-6.534814,-11.595048,-9.109581,-9.91788,-7.467074,-17.440702,0.16575505727958237,0.055190094,indian
-286.34415,117.1986,6.8898845,25.144325,19.24353,-8.653881,-27.553905,-16.051422,-20.792217,-9.691651,-5.551551,-6.4136925,-11.467395,0.09011791255800464,0.10312481,indian
-358.89325,106.22926,0.8289655,2.68568,-6.607124,-13.955745,-12.3080635,-17.061464,-23.502647,-12.343071,-12.390047,-7.4302235,-11.827124,0.07303826493619489,0.11378617,indian
-387.58514,83.4183,2.9003792,10.24521,-4.108399,-11.05443,-13.5002775,-13.65622,-18.197245,-12.2513485,-11.522361,-8.505186,-10.663153,0.11383863834106729,0.09312704,indian
-273.37164,96.94523,-42.485607,5.82126,-30.133718,-15.829508,-35.899113,-12.446175,-11.821284,-6.7540183,-1.6906798,-4.935575,-4.7789283,0.10103909875290024,0.13696167,american
-468.18198,36.51646,-1.3367603,2.8903422,-9.0589695,-16.387396,-21.284859,-2.9297507,-4.9154954,-2.3835196,-12.184116,-5.9978933,-14.830803,0.27138921113689096,0.028433634,british
-474.60074,41.397285,-0.49060738,1.4089808,-10.68532,-14.886946,-16.178024,1.5123549,-7.0315466,-3.2817974,-8.19033,-5.14041,-11.122505,0.25770374129930396,0.028258968,british
-1131.3708,0.0,0.0,0.0,0.0,0.0,0.0,0.0,0.0,0.0,0.0,0.0,0.0,0.0,0.0,indian
-566.7799,52.203857,-9.275402,3.7225728,0.27247098,-2.4847624,-5.1174474,0.59580326,-0.82428104,0.42857686,-7.0510044,-4.079645,-5.559593,0.14986495794663574,0.013570163,british
-384.21796,107.33197,18.431639,27.862013,10.670921,19.114376,3.7927139,1.5321141,-13.317147,-4.8491673,-12.739312,-3.5878532,-7.3777013,0.10834858976218098,0.07055468,british
-417.02963,79.487564,8.085343,1.9912075,-7.2247353,-10.031599,-9.861022,-10.370981,-18.384514,-13.106008,-11.314469,-8.247126,-8.186643,0.14717771171693736,0.07815409,indian
-373.5422,71.94608,10.932878,0.9646316,-0.82043386,-11.861794,-33.846706,2.6230283,-22.241865,-12.277634,-6.7155223,-7.065824,-16.438244,0.1511813913863109,0.048462808,indian
-412.7608,99.81259,14.610986,31.814077,14.439084,24.932655,4.0593915,-4.948342,-9.539561,-8.285024,-12.528656,-1.1965305,-5.1644564,0.11716257613109049,0.02174482,british
-374.95294,63.172016,-3.9721246,15.104548,-20.39134,-12.455984,-11.601254,-9.424297,-4.6237245,-9.633386,-11.736101,-7.5916333,-21.873867,0.14250108758700697,0.04896549,indian
-395.32816,90.24527,3.250289,30.732105,12.519119,19.755707,3.9293487,-9.052442,-6.5693116,-11.865145,-12.113691,-4.7491527,-9.335938,0.11138930176914154,0.05310555,british
-306.80002,96.668976,-20.285967,3.0617769,-5.5606403,-5.3691583,-10.689682,-6.4279003,-11.689102,-6.05482,-12.070773,-4.8545256,-7.880268,0.11807569605568445,0.06620208,indian
-283.6129,110.86302,-4.05779,23.59819,14.097471,-9.897122,-25.596907,-8.137086,-16.17249,-11.335882,-8.688858,-8.016526,-13.336478,0.08665122897331787,0.107170425,indian
-293.7218,92.89706,3.5551288,20.324991,17.107836,-5.940159,-28.028791,-10.038685,-14.645019,-7.2815084,-7.361177,-9.477301,-15.593788,0.11838384570765662,0.08391288,indian
-373.50476,101.89666,3.8214543,0.9582364,-7.5323086,-10.279755,-12.112568,-14.151999,-17.46469,-11.796122,-10.84392,-5.328104,-6.801557,0.10282681989559164,0.08931135,indian
-412.7608,99.81259,14.610986,31.814077,14.439084,24.932655,4.0593915,-4.948342,-9.539561,-8.285024,-12.528656,-1.1965305,-5.1644564,0.11716257613109049,0.02174482,british
-311.17957,107.00458,11.1410885,30.736868,21.51694,-6.3339267,-26.605127,-8.791366,-16.219723,-8.972929,-11.148493,-9.023247,-15.137748,0.08661044446055685,0.103220046,indian
-412.7608,99.81259,14.610986,31.814077,14.439084,24.932655,4.0593915,-4.948342,-9.539561,-8.285024,-12.528656,-1.1965305,-5.1644564,0.11716257613109049,0.02174482,british
-429.34915,95.87794,5.174769,32.98616,12.920013,14.92146,9.461235,-4.9832172,-10.411116,-11.646368,-7.09507,-4.946561,-8.246853,0.1306826421113689,0.04161054,british
-338.30994,119.20321,2.4909186,27.55671,14.07711,12.156912,2.2788234,-10.022041,-11.851094,-13.662851,-12.062611,-2.2497168,-8.333864,0.08422908207656613,0.0780922,british
-412.92047,87.503075,7.815536,25.827799,6.7030206,15.147532,3.9494026,-9.601948,-6.1866555,-13.750575,-12.715919,-4.8161473,-13.047738,0.12417751232598608,0.042972192,british
-304.93112,120.006386,-50.914227,-9.182549,-21.59578,-22.83448,-36.755486,-23.906382,-14.788,-5.796797,-1.496731,-6.486115,-6.366798,0.07875262833526682,0.09068373,american
-348.41537,104.105385,8.461705,18.242332,17.597296,-7.7592297,-21.492168,-4.9446836,-14.537454,-7.4931335,-5.361713,-9.640958,-16.769575,0.07093559672273782,0.08285764,indian
-405.66205,63.074165,-4.965696,12.378598,-18.605015,-14.861849,-12.342467,-12.655972,-9.141618,-9.944428,-17.351254,-3.4355073,-22.557903,0.1355541255800464,0.042067844,indian
-289.5965,104.798325,-38.53399,-9.014385,-17.616081,-10.101033,-15.749327,-3.9224834,-13.892939,-7.2273555,-10.319807,-4.289893,-7.288469,0.10262289733178655,0.07049646,indian
-284.21408,116.607925,3.3800824,16.90727,6.3910174,-12.088031,-20.564548,-9.707049,-17.71552,-9.66982,-7.446254,-8.164901,-13.353135,0.09244036397911833,0.101131864,indian
-305.14435,119.67526,-50.872036,-8.890335,-21.636295,-22.878824,-36.958614,-23.946135,-14.593694,-5.827889,-1.6708481,-6.5371976,-6.254475,0.07864840124709976,0.09021876,american
-377.6443,103.856636,0.74132276,3.3779342,-5.8572903,-10.831693,-10.317384,-13.024287,-15.008572,-10.335373,-12.871197,-7.7550817,-8.742834,0.1127147984338747,0.09907128,indian
-346.64725,63.43701,-1.100639,-7.5767164,-10.92432,-8.070714,-32.8681,0.4199829,-21.63164,-14.242669,-4.4576807,-6.41376,-17.339108,0.1496225166763341,0.05968845,indian
-370.89075,98.124275,4.5115056,36.93506,19.506039,17.765368,3.1228588,-7.6344995,-6.1144686,-7.640969,-13.728685,-2.409428,-11.265805,0.10146053871809745,0.061642054,british
-398.78494,116.64766,22.320217,32.66912,24.286598,21.476383,8.504649,1.5192633,-12.15041,-3.475782,-18.118952,-5.2190185,-6.022001,0.0857494380800464,0.051170047,british
-297.36053,110.45264,-34.878216,-1.1335356,-32.43878,-20.459974,-28.556025,-14.4730215,-11.678295,-9.652001,-7.7661395,-10.600454,-2.4755542,0.08569732453596288,0.11291361,american
-304.38016,119.772804,-51.211952,-9.216223,-21.631725,-23.03651,-37.05038,-24.00166,-14.601636,-5.776579,-1.6003993,-6.5790606,-6.3112426,0.07818164515661252,0.09082226,american
-382.8534,97.85901,8.04814,36.115017,18.076385,20.792896,5.07023,-4.0848284,-7.2451906,-12.431743,-13.022406,-4.851801,-8.000767,0.10344765081206496,0.06455468,british
-513.17474,41.535103,-8.06825,-4.162866,-8.14751,-10.8975935,-7.393685,5.1289754,-4.8792644,-2.2546806,-6.627263,-7.9535813,-9.922365,0.2804864232888631,0.019630825,british
-305.76102,120.052956,-50.633286,-8.969436,-21.513397,-22.703306,-36.758408,-23.96043,-14.721169,-5.839786,-1.5382737,-6.5014377,-6.3552446,0.07875036252900232,0.08980851,american
-401.38104,91.78745,9.5288925,7.627224,-0.19729386,-12.929355,-9.200318,-11.427144,-19.481081,-15.041846,-14.790516,-8.9218025,-12.20934,0.10044319170533643,0.08574027,indian
-302.88153,119.94659,-51.63544,-9.494886,-21.5787,-23.10369,-37.08503,-24.024105,-14.788763,-5.794283,-1.4939288,-6.539416,-6.2986326,0.07805022839327146,0.09228703,american
-420.1618,64.92388,-2.81989,21.930656,-12.031155,-11.649256,-18.940413,-11.689632,-9.614577,-11.89906,-16.145124,-9.279046,-23.357327,0.13039035310324826,0.03198635,indian
-314.4855,93.74772,-26.192753,9.330688,-23.145748,-21.10816,-28.941729,-14.313071,-14.905649,-10.668962,-7.9566507,-6.894483,-5.6249332,0.1029219837587007,0.09402165,american
-333.3929,116.37723,15.170354,20.959166,12.079477,-13.118511,-20.557465,-4.25075,-17.363981,-11.582514,-12.098076,-8.282457,-12.417865,0.06545234556264501,0.09230197,indian
-368.11514,95.39657,-0.5852385,7.740112,-3.312062,-13.6582775,-12.025081,-16.857868,-17.310404,-10.250399,-9.931403,-6.562337,-9.572863,0.09731637906032482,0.09249825,indian
-412.7608,99.81259,14.610986,31.814077,14.439084,24.932655,4.0593915,-4.948342,-9.539561,-8.285024,-12.528656,-1.1965305,-5.1644564,0.11716257613109049,0.02174482,british
-478.36734,59.046215,14.169839,32.06771,13.776309,23.036919,4.557526,2.5301251,-9.863448,-3.8642547,-9.404701,-5.6031685,-3.4449239,0.14391495069605567,0.029800361,british
-296.2621,117.73987,7.7628093,30.39402,20.727179,-10.312175,-28.809097,-9.511892,-16.449078,-12.109522,-11.19328,-8.358232,-15.198618,0.0669704357598608,0.11022163,indian
-280.3864,118.223625,-1.728591,28.714354,15.145708,-11.764234,-22.389002,-9.971268,-18.85204,-10.298196,-9.9934225,-9.144115,-11.691753,0.07775114196635731,0.113242716,indian
-507.13858,47.98537,-12.432463,3.0183804,-4.8837266,-15.832491,-7.498304,0.38078138,-4.448977,0.28252083,-9.762839,-8.238876,-10.71932,0.20596632105568446,0.021344174,british
-348.81076,25.169365,-78.333626,-43.407417,-31.365414,-22.189632,-19.007837,-0.9975763,-0.56966716,2.289108,-4.3134627,-0.15708296,-0.5859374,0.19227858541183296,0.05192484,british
-487.98267,44.113815,7.6992373,24.220789,8.383556,16.676031,2.8573194,-4.169848,0.34653652,-4.6012073,-8.014442,-3.7703009,-5.5212064,0.21357036687935035,0.03160991,british
-321.86993,91.57954,-21.605377,-0.22764541,-7.1053762,-6.226116,-13.244437,-4.374002,-13.289724,-7.11014,-9.378988,-3.7573287,-7.492405,0.14253280887470998,0.0675118,indian
-305.89023,102.11313,10.295572,31.43056,18.396053,-3.8395338,-24.216915,-9.66858,-14.311703,-11.271384,-10.275302,-10.593984,-16.14233,0.09580508628190255,0.10203755,indian
-548.37103,38.285137,0.9666711,-1.7393842,-8.402104,-6.227144,-14.304228,-4.673939,-4.521137,-1.2905581,-8.632851,-7.909824,-11.091527,0.29644223100348027,0.016216913,british
-477.93536,71.05445,-22.671196,-9.442505,-8.669396,-20.30307,-14.886442,-6.796722,-8.488809,-0.90971667,-11.062854,-6.6168036,-15.263425,0.17476390298723898,0.031964276,british
-506.66315,52.568863,-1.485118,0.22655432,-9.128621,-16.866161,-10.89356,0.9760513,-3.8758962,-2.2467752,-6.9383492,-1.6498836,-9.484449,0.19307161760440836,0.0222058,british
-312.18472,111.41852,5.856807,28.55143,19.694416,-16.587786,-28.727007,-7.8809776,-18.224379,-8.643712,-11.526194,-10.289761,-11.353402,0.07432071128190255,0.099358365,indian
-308.93423,107.86441,-0.5460483,23.909327,8.408093,-10.64268,-20.866385,-12.547647,-15.651405,-8.2091,-8.32735,-5.877969,-11.945474,0.09143434599767981,0.092810296,indian
-436.60767,62.929108,-24.602499,-0.90173084,-11.131741,-19.3749,-18.238205,-9.8837595,-13.490257,-4.4089856,-14.4786625,-7.7897406,-19.80635,0.1925391531322506,0.031503517,british
-489.69824,42.329853,-7.6344757,-0.64970267,-4.8524237,-15.211708,-11.203304,-6.188426,-10.697602,-6.6293173,-9.80697,-4.169128,-10.557244,0.22241380872969838,0.024519116,british
-303.43762,120.20364,-51.386528,-9.538514,-21.461939,-23.037281,-36.951923,-24.011356,-14.823539,-5.796953,-1.3874028,-6.5176716,-6.3756876,0.07800717807424594,0.09192705,american
-475.99167,62.10333,-20.920938,-3.5283232,-5.64071,-21.223352,-10.820862,-3.626439,-7.7775345,0.0061708526,-11.04708,-6.125135,-10.920013,0.18772658062645012,0.03164092,british
-341.4281,77.10654,-4.197925,-0.32368416,-2.8787086,-12.932918,-31.062529,2.0650063,-20.422705,-10.935919,-4.049207,-9.257643,-19.100822,0.12091701711136892,0.06241747,indian
-368.77185,96.18842,-1.2632025,6.185737,-7.611507,-14.326448,-12.5318165,-16.242165,-19.167448,-12.865327,-11.487691,-7.9525185,-10.973697,0.10185478900812064,0.09809597,indian
-273.01108,140.7369,31.815514,12.089723,-18.167994,-26.537804,-23.850464,-5.5233107,-25.218977,4.5605683,-13.936036,-9.217523,-14.495461,0.04598680394431554,0.0809577,indian
-286.27762,113.88804,5.015642,24.540823,20.179806,-10.242529,-26.65232,-11.006763,-16.479145,-7.7559743,-7.751648,-8.249056,-13.474952,0.08617994127030162,0.10504138,indian
-271.2077,99.33062,-36.95478,3.1743588,-29.186,-14.295273,-32.92367,-9.17159,-20.077934,-11.291946,-3.3766623,-9.985398,-7.415041,0.09815019576566125,0.11842089,american
-496.1914,45.868748,-26.325977,-1.7705984,-6.2353487,-10.490368,-13.510579,1.0224066,-1.9634037,2.012321,-7.7563214,-2.7184625,-13.015928,0.22643334904292342,0.024487523,british
-273.01108,140.7369,31.815514,12.089723,-18.167994,-26.537804,-23.850464,-5.5233107,-25.218977,4.5605683,-13.936036,-9.217523,-14.495461,0.04598680394431554,0.0809577,indian
-332.10358,107.529724,-2.4509776,5.062913,-9.300613,-14.319257,-14.599792,-18.084206,-20.678957,-12.404356,-10.27493,-7.730589,-10.133778,0.09104009570765662,0.1137491,indian
-364.68497,59.551674,-1.382832,22.353287,-10.546123,-13.539779,-17.428091,-10.879414,-2.9450266,-9.330727,-13.540487,-4.3787093,-21.648031,0.14601082149071926,0.04351225,indian
-516.38074,42.10371,1.1015005,3.017302,-11.310599,-15.0329,-13.117067,-2.389984,-8.589992,0.63273025,-14.435068,-9.931789,-14.1324005,0.24248205481438515,0.021065684,british
-329.8301,75.37041,6.0244513,25.14052,-4.1532807,-3.038531,-17.87134,-4.129968,-4.99862,-8.047923,-5.715594,-3.3268836,-14.9259815,0.10830553944315545,0.06419117,indian
-393.12448,93.88254,17.658283,36.039974,15.070379,24.691446,7.627432,-3.8393257,-4.0168977,-9.468767,-9.322072,-5.623758,-9.589125,0.12432478973317865,0.0460807,british
-296.9115,96.438896,8.88323,34.10698,15.294999,-5.9092007,-19.885874,-7.1646414,-15.448084,-7.5963902,-11.432329,-9.494648,-13.98655,0.1015692974187935,0.0967186,indian
-293.50122,116.34786,-47.231434,-5.301826,-26.953306,-20.000853,-30.617552,-21.6244,-14.286595,-8.773865,-5.421848,-8.46765,-8.390089,0.08383256598027843,0.08971077,american
-276.75095,121.221054,-9.1718855,18.878555,10.74924,-10.081713,-24.826654,-8.609963,-15.93693,-10.123847,-8.85703,-8.270063,-11.047675,0.08158262035962877,0.10563996,indian
-334.50424,100.021996,-5.675224,30.528349,7.4473777,10.497026,0.058031548,-11.933263,-12.086642,-14.885588,-12.515801,-9.466123,-9.232439,0.1099641096287703,0.08818116,british
-234.99666,97.70217,-18.713333,17.043062,10.132735,-8.203913,-24.296383,-8.824333,-16.77656,-9.618698,-12.179167,-8.485437,-15.464058,0.1166233142401392,0.11071372,indian
-483.46207,61.70635,-6.2820477,-0.9461003,-0.62579983,-19.3197,-18.367624,-5.7795553,-7.6462154,-5.126591,-10.272438,-5.857941,-12.578109,0.20459777407192575,0.02975011,british
-305.68707,119.75402,-50.530865,-8.855218,-21.612339,-22.7484,-36.892994,-24.014357,-14.65834,-5.8830457,-1.6848396,-6.554524,-6.327793,0.07874129930394431,0.089713775,american
-380.12204,56.74558,2.89709,27.672016,-2.6888416,-12.288428,-20.23261,-6.295346,-4.4426193,-12.495692,-14.914812,-7.4148035,-20.59292,0.14561430539443154,0.04360082,indian
-389.581,102.191086,1.9270055,4.8578115,-4.177888,-11.708419,-9.58873,-12.04796,-17.679588,-9.739192,-11.335269,-7.4574966,-8.494417,0.09447052639211137,0.0903998,indian
-529.1556,30.012072,-12.54451,2.2594535,-4.045985,-15.019597,-9.571088,0.6075033,-2.6198895,1.3648605,-11.161661,-5.880986,-9.057318,0.2981914334396752,0.019993842,british
-281.99808,105.53599,5.485334,39.24896,26.363045,-9.213134,-24.796408,-8.579263,-18.844372,-12.480061,-14.376435,-9.14346,-15.441887,0.0843695620649652,0.123247184,indian
-361.50818,99.19145,7.837746,38.522964,18.926683,23.918291,3.7393982,-5.0426483,-9.6823225,-7.63523,-11.117919,-5.7866607,-4.6111345,0.11301161905452436,0.06786275,british
-305.76102,120.052956,-50.633286,-8.969436,-21.513397,-22.703306,-36.758408,-23.96043,-14.721169,-5.839786,-1.5382737,-6.5014377,-6.3552446,0.07875036252900232,0.08980851,american
-311.82196,93.44415,-23.398453,13.157358,-17.129223,-20.71106,-24.80431,-5.657783,-12.076789,-9.694657,-11.093205,-7.127046,-11.112222,0.1121188913863109,0.08560294,american
-360.35144,97.761185,10.326573,33.89866,20.526249,20.715298,5.8464317,-2.5324786,-10.989067,-1.6535244,-17.93516,-4.62037,-7.650892,0.10348390371229699,0.07418319,british
-388.42496,92.295074,7.8399844,4.2157393,-4.1878123,-12.367089,-10.701049,-13.269665,-21.029827,-13.488156,-13.85756,-7.995875,-10.554194,0.08876296041183294,0.09253259,indian
-304.09918,120.016785,-51.153786,-9.274706,-21.581846,-22.850107,-36.742523,-23.931427,-14.76817,-5.803994,-1.4161212,-6.5018415,-6.36831,0.07864613544083526,0.091299266,american
-356.57196,124.54352,-18.308,-0.58228016,-15.004058,-22.456,-20.04338,-12.021697,-17.641026,-8.454256,-8.255417,-3.509039,-5.7529545,0.09485797926334107,0.069802426,american
-464.7024,49.33314,-30.165058,-12.774681,-13.532847,-12.827409,-11.683963,-1.4204628,-3.0059254,-2.8628552,-5.0316477,-1.9311067,-9.001592,0.158225783062645,0.034881163,british
-463.66815,59.099316,-12.960527,7.0392423,-16.123302,-21.200283,-15.075569,-1.9744637,-13.086256,-5.457186,-11.93457,-9.499606,-16.980684,0.1788763413573086,0.030438261,british
-328.26212,109.75718,-19.960411,11.970889,-7.0763106,-16.52684,-9.001578,-16.445683,-18.828085,-14.413656,-13.171726,-4.922817,-14.460238,0.08407274144431555,0.11078405,indian
-334.8626,64.9804,-8.266901,8.328278,-11.447983,-9.02565,-15.636925,-14.257125,-10.711064,-7.045872,-16.47737,-6.476256,-22.633411,0.12954973897911834,0.060692664,indian
-316.9721,102.549385,5.149442,23.434464,14.928642,-9.971582,-20.53165,-12.561901,-16.10241,-6.6130795,-7.705648,-5.676851,-7.22915,0.09540177276682135,0.087035835,indian
-289.0064,109.39613,7.468365,35.00333,11.301415,-10.9437275,-24.448895,-11.301227,-16.783743,-10.798635,-11.566209,-8.049324,-14.210464,0.09480813152552205,0.10658726,indian
-361.78436,110.69098,-5.502387,13.036874,-4.849758,-11.01705,-8.037601,-18.298618,-13.473132,-9.534843,-13.1589155,-11.487523,-14.078329,0.07449970997679814,0.10155013,indian
-289.5773,99.91466,-33.229378,13.655148,-29.576307,-21.74265,-31.183462,-11.99639,-13.540647,-14.4358225,-6.2013407,-4.0161457,-5.9006667,0.09195548143851508,0.11081761,american
-301.20642,112.98948,2.3012798,19.185957,15.085908,-16.209454,-20.9092,-6.266708,-15.645676,-11.665438,-12.240396,-9.406099,-16.476753,0.08501531685034802,0.096276045,indian
-305.14435,119.67526,-50.872036,-8.890335,-21.636295,-22.878824,-36.958614,-23.946135,-14.593694,-5.827889,-1.6708481,-6.5371976,-6.254475,0.07864840124709976,0.09021876,american
-404.85217,68.46338,1.6771233,27.854748,-15.1073265,-10.081931,-16.519306,-11.058191,-8.228498,-16.577814,-12.941263,-5.891024,-23.558027,0.1308253879060325,0.039816704,indian
-286.412,109.141365,-39.21784,-3.8096309,-25.692429,-19.265295,-27.62414,-15.3058405,-15.384985,-3.5758884,-4.408243,-3.615562,-2.5074868,0.08156902552204176,0.12384557,american
-386.78815,79.336716,-1.6169977,30.244371,7.7983627,22.525318,1.708393,-2.9791698,-8.174242,-7.883133,-10.725512,-7.114771,-6.9728937,0.13684563515081208,0.061325103,british
-295.76526,113.253815,-6.97157,37.38745,16.940203,7.912528,-2.1892943,-9.99447,-16.083698,-6.035395,-17.419533,-4.5544796,-10.062842,0.09092000797563805,0.110313386,british
-402.71167,48.249355,-58.179596,-24.14246,-1.6243781,-2.0796402,-9.247009,-2.0315807,4.7645497,12.307171,-1.9325674,-0.53687173,3.0214212,0.1680027370939675,0.032732017,british
-305.68707,119.75402,-50.530865,-8.855218,-21.612339,-22.7484,-36.892994,-24.014357,-14.65834,-5.8830457,-1.6848396,-6.554524,-6.327793,0.07874129930394431,0.089713775,american
-288.018,87.846214,-0.5407828,28.920763,13.19548,-3.6754634,-20.70913,-10.376536,-15.986318,-6.9648256,-9.709381,-10.334465,-13.45243,0.11355088094547564,0.09296989,indian
-297.88266,92.859245,-32.512337,12.814556,-19.902357,-18.793406,-35.18615,-19.221012,-12.118814,-13.293825,-4.0720515,-9.660607,-5.0796657,0.1019544844837587,0.10687286,american
-360.34998,100.98391,3.938073,17.18232,-8.408615,-15.151,-10.555648,-16.868534,-17.91388,-15.209473,-12.927522,-9.558478,-13.578089,0.0853665168213457,0.10619501,indian
-419.26883,82.26082,1.9525396,33.241936,17.631012,16.240046,0.02439707,-3.185384,-4.3711185,-6.484641,-12.716559,-6.7544627,-4.1125536,0.12456723100348027,0.05217303,british
-368.44632,17.07358,-80.25482,-14.28735,-21.878857,-32.915897,-14.607924,13.219618,3.9277234,-4.0292864,-9.802413,3.0336573,-9.863628,0.18772204901392112,0.039121907,british
-305.68707,119.75402,-50.530865,-8.855218,-21.612339,-22.7484,-36.892994,-24.014357,-14.65834,-5.8830457,-1.6848396,-6.554524,-6.327793,0.07874129930394431,0.089713775,american
-537.45685,39.947025,-8.2448635,8.747541,-9.254416,-13.612375,-8.273996,-2.706326,-5.6426573,-5.24937,-11.544699,-9.109461,-12.408024,0.23719139718677495,0.020247867,british
-351.17148,105.48485,-2.8674486,12.035242,0.41454038,-13.101898,-14.529048,-11.932474,-15.451174,-11.970222,-14.276308,-5.9843407,-11.525909,0.09896362021461717,0.093130134,indian
-356.6973,95.044556,3.4749758,1.813527,-6.3350945,-10.285095,-10.573172,-14.821906,-19.79274,-12.743744,-12.88458,-7.8324513,-10.919419,0.10973526319605569,0.1097091,indian
-263.44843,121.20274,3.9026935,19.555084,14.780996,-10.381402,-27.515024,-8.312909,-21.850605,-15.800129,-11.398621,-7.1470532,-12.843969,0.06728764863689095,0.1367894,indian
-332.918,80.48573,-6.5294576,-3.8201537,-2.0904012,-11.941195,-36.324173,1.7541777,-21.964882,-10.531835,-1.5058972,-11.989271,-21.417479,0.14345272621809746,0.056212053,indian
-449.39508,88.13948,19.640598,29.973436,8.858399,15.582386,9.015889,0.2572628,-4.7777724,-4.1325936,-11.374169,-3.8028853,-8.294756,0.10216747027262181,0.0505208,british
-475.21964,54.05651,-27.005766,-4.0968156,-13.262884,-16.560919,-13.661038,-3.2258065,-4.431877,-2.5415146,-10.735152,-5.7774878,-13.101932,0.21410056554524362,0.02813465,british
-305.76102,120.052956,-50.633286,-8.969436,-21.513397,-22.703306,-36.758408,-23.96043,-14.721169,-5.839786,-1.5382737,-6.5014377,-6.3552446,0.07875036252900232,0.08980851,american
-385.58264,84.74015,2.9950588,12.707802,-4.0177965,-11.045113,-14.756334,-16.340525,-13.050499,-11.780924,-13.355711,-7.1931014,-8.879894,0.11864441342807425,0.087325,indian
-379.7725,105.89038,-3.885643,2.8408697,-6.4518495,-15.662804,-11.223782,-16.189663,-20.527647,-10.575442,-11.461121,-9.329148,-9.705429,0.08228275449535963,0.100830875,indian
-444.08954,85.34613,9.237492,25.52774,19.407423,20.96264,6.3996706,-3.0232918,-2.9971743,-8.226827,-4.8519597,-2.7067747,-11.144054,0.13606846360208816,0.034278393,british
-268.2471,102.50569,-11.875231,27.972704,3.3249812,1.8685029,-21.943554,-8.3334055,-12.569215,-4.1753573,-12.951729,-15.094522,-12.43677,0.09561022694315545,0.11802402,british
-305.14435,119.67526,-50.872036,-8.890335,-21.636295,-22.878824,-36.958614,-23.946135,-14.593694,-5.827889,-1.6708481,-6.5371976,-6.254475,0.07864840124709976,0.09021876,american
-288.02542,109.11582,4.3584456,20.825945,13.24074,-10.222027,-28.00945,-6.999936,-17.917028,-16.1803,-10.085613,-7.417796,-18.769474,0.08183185904872389,0.11543279,indian
-327.0256,107.551926,-29.78528,7.9221725,-18.69835,-21.412155,-28.286343,-13.025023,-12.992973,-8.45139,-6.0138774,-4.71817,-6.7400937,0.11102677276682135,0.08194102,american
-305.14435,119.67526,-50.872036,-8.890335,-21.636295,-22.878824,-36.958614,-23.946135,-14.593694,-5.827889,-1.6708481,-6.5371976,-6.254475,0.07864840124709976,0.09021876,american
-303.24948,114.62591,10.863449,21.61092,3.0735226,-9.083062,-18.662933,-9.915167,-14.744286,-8.727171,-7.082967,-3.5209281,-12.690932,0.09696517908932714,0.09544925,indian
-303.46222,119.79539,-51.51884,-9.380728,-21.650621,-23.092934,-37.085953,-24.009865,-14.701595,-5.813004,-1.5282502,-6.580033,-6.2935824,0.07808648129350348,0.09171051,american
-433.09427,81.83768,18.611948,31.952717,10.323832,25.536625,6.292776,2.7019203,-7.464046,-3.1400745,-9.127302,-4.553118,-8.162272,0.13995885295823665,0.03787966,british
-271.70303,111.21431,5.358142,21.03968,12.885683,-8.085419,-21.894423,-8.750792,-18.862108,-11.807968,-10.379543,-6.651545,-12.910603,0.09926723825406032,0.11713224,indian
-446.5829,66.25201,9.461737,27.868422,4.4088607,16.390026,8.04644,-1.8207557,-3.535017,-4.3654,-8.1723385,-2.8581395,-7.5583954,0.13413799666473317,0.046796486,british
-312.63132,62.22429,-3.6921246,18.703718,-8.367617,-14.350472,-18.776798,-9.869464,-10.112534,-9.541425,-14.736587,-5.751067,-24.51556,0.1170017038863109,0.0780571,indian
-412.7608,99.81259,14.610986,31.814077,14.439084,24.932655,4.0593915,-4.948342,-9.539561,-8.285024,-12.528656,-1.1965305,-5.1644564,0.11716257613109049,0.02174482,british
-507.0938,59.637638,-10.572954,6.8881087,-6.9034166,-18.040512,-9.900682,-2.5006173,-7.4468884,-4.622445,-11.991689,-6.1114993,-17.79575,0.19444243039443154,0.02239629,british
-358.13843,111.59636,-0.90298015,6.151489,-8.653981,-13.16554,-8.788536,-16.549253,-14.381123,-8.812265,-12.915302,-8.918637,-11.610056,0.0839685143561485,0.09579637,indian
-304.93112,120.006386,-50.914227,-9.182549,-21.59578,-22.83448,-36.755486,-23.906382,-14.788,-5.796797,-1.496731,-6.486115,-6.366798,0.07875262833526682,0.09068373,american
-303.46222,119.79539,-51.51884,-9.380728,-21.650621,-23.092934,-37.085953,-24.009865,-14.701595,-5.813004,-1.5282502,-6.580033,-6.2935824,0.07808648129350348,0.09171051,american
-302.88153,119.94659,-51.63544,-9.494886,-21.5787,-23.10369,-37.08503,-24.024105,-14.788763,-5.794283,-1.4939288,-6.539416,-6.2986326,0.07805022839327146,0.09228703,american
-455.76218,56.278496,-16.38111,2.8723564,-8.866143,-18.583149,-15.139193,-4.197309,-7.3440413,-3.6919131,-12.642537,-9.691167,-15.123076,0.21201149216937354,0.027268874,british
-336.8467,71.75372,-7.042567,-5.292193,-3.4901772,-11.177904,-35.886116,2.049919,-19.48182,-13.688017,-5.3108177,-8.8531275,-18.965761,0.13094774144431554,0.059648678,indian
-266.44373,134.26605,21.425608,15.357213,-5.0629287,-18.807978,-24.752787,-9.217339,-25.075026,-1.4296832,-14.38207,-8.253109,-14.0599375,0.05400775812064965,0.105068944,indian
-1131.3708,0.0,0.0,0.0,0.0,0.0,0.0,0.0,0.0,0.0,0.0,0.0,0.0,0.0,0.0,indian
-352.00153,108.70892,-7.7259316,8.957585,-0.6560926,-19.804848,-13.854378,-13.869408,-17.116467,-11.828627,-12.362931,-5.4079256,-13.067267,0.0877002972737819,0.10443022,indian
-281.35797,118.56678,17.597902,18.71628,19.3135,-1.4024978,-25.382755,-12.62633,-20.132399,-11.261138,-4.476098,-5.6537147,-15.017187,0.09384063225058005,0.108696766,indian
-321.7265,99.1341,10.211903,24.14874,7.193776,-8.962313,-23.606207,-11.860633,-15.193493,-8.11264,-5.8177676,-2.5769372,-13.495942,0.10438569460556844,0.08540293,indian
-489.33557,74.79097,-15.053621,8.285914,-13.121135,-26.664837,-13.567834,-9.666494,-12.493375,-6.6428714,-14.662785,-6.0747156,-17.063799,0.1531662376740139,0.031049093,british
-423.19586,58.01492,-27.800888,-0.36307046,-12.354362,-26.319286,-15.855786,-10.098628,-4.0879097,-1.2512289,-13.276755,-6.67969,-15.243516,0.18662086716937354,0.03706535,british
-327.49158,118.06382,6.704047,22.184645,18.663725,-7.2383876,-17.790144,-9.728289,-15.444746,-8.649361,-10.368833,-8.261949,-10.328133,0.0775381561774942,0.07095148,indian
-273.01108,140.7369,31.815514,12.089723,-18.167994,-26.537804,-23.850464,-5.5233107,-25.218977,4.5605683,-13.936036,-9.217523,-14.495461,0.04598680394431554,0.0809577,indian
-345.79028,80.23834,-4.39216,-1.4616048,-2.2404838,-18.773619,-32.89698,-0.109686516,-27.046312,-6.941937,-3.9331136,-7.176584,-14.895188,0.139643905887471,0.045120183,indian
-304.09918,120.016785,-51.153786,-9.274706,-21.581846,-22.850107,-36.742523,-23.931427,-14.76817,-5.803994,-1.4161212,-6.5018415,-6.36831,0.07864613544083526,0.091299266,american
-371.89856,75.32175,-7.245002,-1.1446614,1.2853959,-7.5126624,-32.682076,-2.5697048,-13.584931,-7.7528896,-4.150333,-9.840621,-17.277523,0.13914996012180975,0.0437193,indian
-423.76752,95.86699,14.862424,26.810942,16.63446,20.707188,9.31991,0.14561486,-9.418037,-4.481586,-10.255456,-6.3717895,-8.814036,0.10126567937935035,0.0429474,british
-387.17038,92.70187,16.669632,37.84229,13.3863735,19.9214,0.13469149,-2.1997313,-11.937892,-8.133712,-16.35945,-5.9671345,-8.58234,0.11090895084106729,0.06302168,british
-304.38016,119.772804,-51.211952,-9.216223,-21.631725,-23.03651,-37.05038,-24.00166,-14.601636,-5.776579,-1.6003993,-6.5790606,-6.3112426,0.07818164515661252,0.09082226,american
-327.85788,64.480965,3.533134,-1.3570353,-9.935565,-8.491836,-39.113472,2.8027403,-23.249382,-14.321966,-3.9636626,-11.968978,-20.175014,0.14169446055684454,0.06458637,indian
